mia_score,retain_acc,forget_acc,unlearning_time
58.80000000000001,95.18383838383838,93.8,42.16352963447571
