mia_score,retain_acc,forget_acc,unlearning_time
54.06666666666666,90.65925925925926,85.42222222222222,30.604362726211548
