mia_score,retain_acc,forget_acc,unlearning_time
87.63333333333335,95.91358024691358,60.75555555555555,18.804455995559692
