mia_score,retain_acc,forget_acc,unlearning_time
53.13333333333331,99.81975308641975,96.66666666666667,25.114609003067017
