mia_score,retain_acc,forget_acc,unlearning_time
50.366666666666646,99.77037037037037,92.62222222222222,37.63239645957947
