mia_score,retain_acc,forget_acc,unlearning_time
52.800000000000026,97.3037037037037,94.86666666666666,23.818233489990234
