mia_score,retain_acc,forget_acc,unlearning_time
53.788888888888884,100.0,97.8,27.703879833221436
