mia_score,retain_acc,forget_acc,unlearning_time
50.488888888888894,99.8716049382716,91.88888888888889,24.884780168533325
