mia_score,retain_acc,forget_acc,unlearning_time
51.09999999999998,99.44444444444444,93.04444444444445,28.631372928619385
