Training Time,Train Accuracy,Test Accuracy
51.44011688232422,99.6288888888889,91.50660725261217
