mia_score,retain_acc,forget_acc,unlearning_time
57.70000000000001,97.76565656565657,94.2,92.4253339767456
