mia_score,retain_acc,forget_acc,unlearning_time
51.300000000000004,95.26868686868687,74.2,152.1632912158966
