mia_score,retain_acc,forget_acc,unlearning_time
73.43333333333335,93.59753086419754,63.0,22.16725182533264
