mia_score,retain_acc,forget_acc,unlearning_time
56.79999999999998,98.45679012345678,90.24444444444444,41.913888931274414
