mia_score,retain_acc,forget_acc,unlearning_time
50.66666666666665,98.91604938271605,79.5111111111111,50.00399899482727
