mia_score,retain_acc,forget_acc,unlearning_time
56.85555555555555,93.61728395061728,88.95555555555555,31.31924605369568
