mia_score,retain_acc,forget_acc,unlearning_time
51.04444444444447,96.12592592592593,75.31111111111112,43.0737407207489
