mia_score,retain_acc,forget_acc,unlearning_time
54.533333333333346,99.16543209876544,85.57777777777778,43.109943151474
