mia_score,retain_acc,forget_acc,unlearning_time
54.87,99.32444444444444,88.78,137.59618949890137
