mia_score,retain_acc,forget_acc,unlearning_metric,overfitting_metric,unlearning_time
61.08888888888888,99.33333333333333,98.0,89.72395420074463,1.3517249355052867,3.8162753582000732
