mia_score,retain_acc,forget_acc,unlearning_metric,overfitting_metric,unlearning_time
60.61111111111113,99.00246913580247,97.88888888888889,88.40954065322876,1.26394007685019,2.843062400817871
