mia_score,retain_acc,forget_acc,unlearning_metric,overfitting_metric,unlearning_time
60.844444444444456,98.84197530864198,98.11111111111111,88.4805166721344,1.2676938259676098,1.097132682800293
