mia_score,retain_acc,forget_acc,unlearning_metric,overfitting_metric,unlearning_time
60.944444444444436,99.18518518518519,98.44444444444444,88.19226145744324,1.4101280761278454,2.2113945484161377
