mia_score,retain_acc,forget_acc,unlearning_metric,overfitting_metric,unlearning_time
60.73333333333333,98.84444444444445,97.11111111111111,88.3299720287323,1.5058372072969048,4.743510723114014
