mia_score,retain_acc,forget_acc,unlearning_metric,overfitting_metric,unlearning_time
57.477777777777774,93.38271604938272,90.37777777777778,93.31676721572876,1.4930660313656436,6.105880498886108
