mia_score,retain_acc,forget_acc,unlearning_metric,overfitting_metric,unlearning_time
58.3888888888889,94.24938271604938,91.22222222222223,93.74096810817719,1.524861077265252,5.536443710327148
