mia_score,retain_acc,forget_acc,unlearning_metric,overfitting_metric,unlearning_time
57.63333333333336,93.77530864197531,90.24444444444444,93.56129765510559,1.484865687308857,4.882367849349976
