mia_score,retain_acc,forget_acc,unlearning_metric,overfitting_metric,unlearning_time
57.76666666666663,94.62469135802469,91.17777777777778,93.64182889461517,1.3943097456810574,1.4160184860229492
