mia_score,retain_acc,forget_acc,unlearning_metric,overfitting_metric,unlearning_time
56.74444444444443,94.15802469135802,90.86666666666666,93.3836704492569,1.6657620009847864,4.2954630851745605
