mia_score,retain_acc,forget_acc,unlearning_metric,overfitting_metric
62.588888888888896,99.18765432098765,99.26666666666667,87.4631667137146,1.1728847333887729
