mia_score,retain_acc,forget_acc,unlearning_metric,overfitting_metric,unlearning_time
50.97777777777777,80.67407407407407,72.86666666666666,95.75165361166,1.4804552467781016,4.554809808731079
