mia_score,retain_acc,forget_acc,unlearning_metric,overfitting_metric,unlearning_time
50.45555555555554,61.62716049382716,61.666666666666664,96.3041403889656,1.8345186466193861,1.0954258441925049
