mia_score,retain_acc,forget_acc,unlearning_metric,overfitting_metric,unlearning_time
49.94444444444445,75.92345679012345,72.06666666666666,95.83209872245789,1.4551218226180516,2.87037992477417
