mia_score,retain_acc,forget_acc,unlearning_metric,overfitting_metric,unlearning_time
50.55555555555558,62.65432098765432,61.22222222222222,96.18539214134216,1.625215666918291,2.143404722213745
