Training Time,Train Accuracy,Test Accuracy
56.9590106010437,99.60888888888888,91.59880147510756
