mia_score,retain_acc,forget_acc,unlearning_time
75.46666666666667,93.0716049382716,56.6,30.86262345314026
