mia_score,retain_acc,forget_acc,unlearning_time
56.27777777777776,99.17777777777778,91.62222222222222,48.20935368537903
