mia_score,retain_acc,forget_acc,unlearning_time
50.25555555555557,99.3604938271605,80.13333333333334,61.87346148490906
