mia_score,retain_acc,forget_acc,unlearning_time
57.56666666666666,93.23950617283951,89.57777777777778,36.21743631362915
