mia_score,retain_acc,forget_acc,unlearning_time
54.25555555555556,97.17037037037036,82.71111111111111,47.46572518348694
