mia_score,retain_acc,forget_acc,unlearning_time
54.01111111111112,100.0,83.77777777777777,46.61161994934082
