mia_score,retain_acc,forget_acc,unlearning_time
50.366666666666696,98.6716049382716,78.91111111111111,48.739911794662476
