mia_score,retain_acc,forget_acc,unlearning_time
53.24444444444444,98.24444444444444,83.8,48.83287501335144
