Training Time,Train Accuracy,Test Accuracy
51.33278274536133,99.19111111111111,79.45
