Training Time,Train Accuracy,Test Accuracy
29.889206647872925,99.19555555555556,78.33
