mia_score,retain_acc,forget_acc,unlearning_metric,overfitting_metric
62.760000000000005,97.04222222222222,94.54,91.30885550752282,0.15111189567258024
