mia_score,retain_acc,forget_acc,unlearning_metric,overfitting_metric
63.42,97.7311111111111,95.58,94.41618906334043,0.12441407264613628
