mia_score,retain_acc,forget_acc,unlearning_metric,overfitting_metric
64.14,97.75111111111111,96.94,93.40713469311595,0.08906286188813038
