mia_score,retain_acc,forget_acc,unlearning_metric,overfitting_metric
62.779999999999994,96.96444444444444,95.1,96.1160478554666,0.14228702146967392
