mia_score,retain_acc,forget_acc,unlearning_metric,overfitting_metric
63.63999999999999,97.46,96.06,88.63881431519985,0.12331785828733323
