mia_score,retain_acc,forget_acc,unlearning_metric,overfitting_metric
62.85999999999999,97.08888888888889,95.26,93.44964768737555,0.14250771253333264
