mia_score,retain_acc,forget_acc,unlearning_metric,overfitting_metric
66.38,98.73777777777778,98.86,93.17748346365988,0.03704623592469025
