mia_score,retain_acc,forget_acc,unlearning_time
56.1888888888889,92.46913580246914,87.86666666666666,36.8063018321991
