mia_score,retain_acc,forget_acc,unlearning_time
55.400000000000006,98.8020202020202,89.6,151.7743730545044
