mia_score,retain_acc,forget_acc,unlearning_time
49.400000000000006,9.995959595959595,10.4,158.49297451972961
