mia_score,retain_acc,forget_acc,unlearning_time
77.75999999999999,86.67777777777778,25.04,87.16162824630737
