mia_score,retain_acc,forget_acc,unlearning_time
49.46,89.48666666666666,73.0,174.88637375831604
