mia_score,retain_acc,forget_acc,unlearning_time
54.44,90.4088888888889,81.82,90.95501923561096
