mia_score,retain_acc,forget_acc,unlearning_time
91.89999999999999,97.94814814814815,27.644444444444446,78.85286736488342
