mia_score,retain_acc,forget_acc,unlearning_time
52.6,99.73086419753086,96.73333333333333,124.66956305503845
