mia_score,retain_acc,forget_acc,unlearning_time
50.522222222222226,99.68395061728395,91.26666666666667,157.7123897075653
