mia_score,retain_acc,forget_acc,unlearning_time
50.44444444444445,94.1358024691358,88.97777777777777,74.19084143638611
