mia_score,retain_acc,forget_acc,unlearning_time
49.888888888888886,19.787654320987656,18.68888888888889,134.11273455619812
