mia_score,retain_acc,forget_acc,unlearning_time
50.4,99.5604938271605,90.73333333333333,124.85367250442505
