mia_score,retain_acc,forget_acc,unlearning_time
50.92222222222221,99.75802469135803,93.35555555555555,131.46470499038696
