Training Time,Train Accuracy,Test Accuracy
366.9748303890228,99.87777777777778,91.35295021511985
