mia_score,retain_acc,forget_acc,unlearning_time
54.900000000000006,97.88080808080808,84.2,152.0307412147522
