mia_score,retain_acc,forget_acc,unlearning_time
55.00000000000001,86.22828282828283,84.4,38.92761468887329
