mia_score,retain_acc,forget_acc,unlearning_time
47.300000000000004,97.66868686868686,79.2,151.88984179496765
