mia_score,retain_acc,forget_acc,unlearning_metric,overfitting_metric
63.11,98.00444444444445,96.1,83.36678897961974,0.11241676136291019
