mia_score,retain_acc,forget_acc,unlearning_metric,overfitting_metric
62.0,96.89111111111112,94.78,82.35396942123771,0.15319205942341274
