mia_score,retain_acc,forget_acc,unlearning_metric,overfitting_metric
61.540000000000006,97.45555555555555,94.1,83.23372438549995,0.17210680381627197
