mia_score,retain_acc,forget_acc,unlearning_metric,overfitting_metric
62.79,97.03777777777778,95.5,83.17122034728527,0.1300209215908338
