mia_score,retain_acc,forget_acc,unlearning_metric,overfitting_metric
62.81000000000001,97.8711111111111,95.64,81.65940508246422,0.12361514285207599
