mia_score,retain_acc,forget_acc,unlearning_metric,overfitting_metric
62.08,96.95777777777778,95.2,83.8810857385397,0.1359450665683995
