mia_score,retain_acc,forget_acc,unlearning_time
53.60999999999998,76.64,35.76,8.371831893920898
