mia_score,retain_acc,forget_acc,unlearning_time
63.01000000000001,96.85777777777778,77.9,16.565122842788696
