mia_score,retain_acc,forget_acc,unlearning_time
51.42000000000001,95.99777777777778,55.0,20.615455627441406
