mia_score,retain_acc,forget_acc,unlearning_time
55.36999999999998,89.49777777777778,60.7,14.920427322387695
