mia_score,retain_acc,forget_acc,unlearning_time
51.70999999999998,75.61777777777777,52.86,18.015798568725586
