mia_score,retain_acc,forget_acc,unlearning_time
49.53999999999999,93.56,50.4,16.51285433769226
