mia_score,retain_acc,forget_acc,unlearning_time
55.589999999999996,91.98666666666666,61.66,18.517993927001953
