mia_score,retain_acc,forget_acc,train_acc,test_acc
50.50999999999999,46.83301343570058,47.88900341559045,47.878,47.31
