mia_score,retain_acc,forget_acc,train_acc,test_acc
62.3,96.73704414587333,97.87182441035591,97.86,75.82
