mia_score,retain_acc,forget_acc,train_acc,test_acc
56.325,99.8080614203455,85.87481557832616,86.02,71.96
