mia_score,retain_acc,forget_acc,unlearning_time
81.4,95.00888888888889,0.1,5.6444618701934814
