mia_score,retain_acc,forget_acc,unlearning_time
81.87,95.72222222222223,0.04,5.3375349044799805
