mia_score,retain_acc,forget_acc,unlearning_time
64.64000000000001,97.44888888888889,79.1,15.217605829238892
