mia_score,retain_acc,forget_acc,unlearning_time
80.32999999999998,96.18444444444444,0.04,5.588541507720947
