mia_score,retain_acc,forget_acc,unlearning_time
63.17999999999999,97.24666666666667,77.78,15.709700584411621
