mia_score,retain_acc,forget_acc,unlearning_time
65.38000000000001,93.79777777777778,83.18,5.517445802688599
