mia_score,retain_acc,forget_acc,unlearning_time
64.90000000000002,95.28080808080809,81.0,5.974648952484131
