mia_score,retain_acc,forget_acc,unlearning_time
49.55,77.55111111111111,44.26,0.9988648891448975
