mia_score,retain_acc,forget_acc,unlearning_time
62.914999999999985,74.236,74.564,2.117969512939453
