mia_score,retain_acc,forget_acc,unlearning_time
51.330000000000034,65.4,43.72,2.0364367961883545
