mia_score,retain_acc,forget_acc,unlearning_time
50.670000000000016,68.75555555555556,41.38,1.490128993988037
