mia_score,retain_acc,forget_acc,unlearning_time
51.34000000000002,70.66666666666667,39.06,2.223145008087158
