mia_score,retain_acc,forget_acc,unlearning_time
50.3,74.02828282828283,53.4,6.108713626861572
