mia_score,retain_acc,forget_acc,unlearning_time
49.87999999999999,79.996,50.316,3.1068546772003174
