mia_score,retain_acc,forget_acc,unlearning_time
51.59999999999999,74.47474747474747,49.6,5.780463457107544
