mia_score,retain_acc,forget_acc,unlearning_time
92.53,77.22888888888889,0.0,5.474416255950928
