mia_score,retain_acc,forget_acc,unlearning_time
48.90000000000001,75.10303030303031,54.8,5.5579307079315186
