mia_score,retain_acc,forget_acc,unlearning_time
91.73000000000002,77.9,0.0,5.470044851303101
