Running Time,Test Accuracy,IPC
332.97173142433167,24.262,1
338.049382686615,31.408,10
348.90217757225037,36.63,50
