Running Time,Test Accuracy,IPC
3.250293016433716,12.76,1
19.375261068344116,24.276,10
85.53958797454834,35.864,50
