mia_score,retain_acc,forget_acc,unlearning_time
72.39999999999999,99.62962962962963,27.533333333333335,9.158165454864502
