mia_score,retain_acc,forget_acc,unlearning_time
79.88888888888891,99.72592592592592,7.511111111111111,7.985553503036499
