mia_score,retain_acc,forget_acc,unlearning_time
92.72222222222221,98.31111111111112,0.0,8.028979539871216
