mia_score,retain_acc,forget_acc,unlearning_time
85.25555555555556,98.91851851851852,1.5555555555555556,10.162344932556152
