mia_score,retain_acc,forget_acc,unlearning_time
91.02222222222224,99.51851851851852,1.4222222222222223,4.9751057624816895
