mia_score,retain_acc,forget_acc,unlearning_time
69.54444444444444,100.0,38.28888888888889,9.070643424987793
