mia_score,retain_acc,forget_acc,unlearning_time
51.500000000000014,94.86666666666666,90.4888888888889,3.8561079502105713
