mia_score,retain_acc,forget_acc,unlearning_time
86.20000000000002,96.59012345679012,0.022222222222222223,5.15144944190979
