mia_score,retain_acc,forget_acc,unlearning_time
86.55555555555556,94.20246913580247,0.08888888888888889,5.9566497802734375
