mia_score,retain_acc,forget_acc,unlearning_time
90.26666666666664,87.17037037037036,0.0,5.168549060821533
