mia_score,retain_acc,forget_acc,unlearning_time
89.38888888888889,88.85432098765432,0.022222222222222223,6.062445878982544
