mia_score,retain_acc,forget_acc,unlearning_time
73.05555555555556,88.91851851851852,12.466666666666667,6.306023120880127
