mia_score,retain_acc,forget_acc,unlearning_time
55.21111111111112,92.36296296296297,66.8,2.723496437072754
