mia_score,retain_acc,forget_acc,unlearning_time
78.23333333333335,91.72345679012345,14.022222222222222,2.6281657218933105
