mia_score,retain_acc,forget_acc,unlearning_time
93.3111111111111,97.88888888888889,0.0,72.00861430168152
