mia_score,retain_acc,forget_acc,unlearning_time
94.05555555555557,95.08641975308642,0.0,74.15462708473206
