mia_score,retain_acc,forget_acc,unlearning_time
73.16666666666669,99.99753086419753,53.0,93.17296195030212
