mia_score,retain_acc,forget_acc,unlearning_time
91.75555555555555,94.51851851851852,7.4,46.491939306259155
