mia_score,retain_acc,forget_acc,unlearning_time
93.92222222222225,98.0246913580247,0.0,72.08924984931946
