mia_score,retain_acc,forget_acc,unlearning_time
94.0111111111111,98.75061728395062,0.0,72.97528791427612
