mia_score,retain_acc,forget_acc,unlearning_time
55.26666666666667,98.93086419753087,98.66666666666667,8.668708562850952
