Training Time,Train Accuracy,Test Accuracy
29.42726230621338,99.84,91.63337430854334
