Training Time,Train Accuracy,Test Accuracy
19.021839141845703,93.95777777777778,77.95021511985249
