Training Time,Train Accuracy,Test Accuracy
139.48358392715454,99.68666666666667,90.74984634296251
