Training Time,Train Accuracy,Test Accuracy
26.050472021102905,94.91555555555556,90.87661339889367
