mia_score,retain_acc,forget_acc,unlearning_time
91.21111111111112,98.30617283950617,0.0,52.667776346206665
