mia_score,retain_acc,forget_acc,unlearning_time
92.95555555555556,97.77037037037037,0.0,41.56788992881775
