mia_score,retain_acc,forget_acc,unlearning_time
47.455555555555556,93.71358024691358,80.11111111111111,5.2785680294036865
