mia_score,retain_acc,forget_acc,unlearning_time
85.34444444444446,99.76296296296296,0.0,41.43774604797363
