mia_score,retain_acc,forget_acc,unlearning_time
78.02222222222225,47.58518518518518,0.0,45.2688090801239
