mia_score,retain_acc,forget_acc,unlearning_time
91.2888888888889,99.69382716049383,3.2444444444444445,26.379583597183228
