mia_score,retain_acc,forget_acc,unlearning_time
88.27777777777777,99.8,0.0,43.63291144371033
