mia_score,retain_acc,forget_acc,test_acc,training_time
56.17000000000001,91.14666666666666,64.9,54.36,0.5107240676879883
