mia_score,retain_acc,forget_acc,test_acc,training_time
49.870000000000005,98.28222222222222,81.04,81.16,332.27475810050964
