mia_score,retain_acc,forget_acc,unlearning_time
67.6,94.66868686868686,85.0,5.74682879447937
