mia_score,retain_acc,forget_acc,unlearning_time
66.14000000000001,96.344,85.032,3.1723082065582275
