mia_score,retain_acc,forget_acc,unlearning_time
82.52000000000001,95.5111111111111,0.18,5.418551921844482
