mia_score,retain_acc,forget_acc,unlearning_time
81.41999999999999,94.54666666666667,0.0,5.616321563720703
