mia_score,retain_acc,forget_acc,unlearning_time
53.620000000000026,78.97111111111111,53.96,1.004106044769287
