mia_score,retain_acc,forget_acc,unlearning_time
62.149999999999984,69.448,69.388,1.556278944015503
