mia_score,retain_acc,forget_acc,unlearning_time
54.37,71.4888888888889,56.02,1.5573711395263672
