mia_score,retain_acc,forget_acc,unlearning_time
56.31,81.74666666666667,60.26,12.936073064804077
