mia_score,retain_acc,forget_acc,unlearning_time
55.809999999999995,79.01333333333334,56.06,1.0257682800292969
