mia_score,retain_acc,forget_acc,unlearning_time
49.82,94.18666666666667,52.18,15.551077127456665
