mia_score,retain_acc,forget_acc,unlearning_time
92.59999999999998,76.98222222222222,0.0,5.313975811004639
