mia_score,retain_acc,forget_acc,unlearning_time
50.66500000000001,78.048,49.392,2.9867396354675293
