mia_score,retain_acc,forget_acc,unlearning_time
49.19,93.29555555555555,52.18,15.013568639755249
