mia_score,retain_acc,forget_acc,unlearning_time
55.13000000000001,93.77333333333333,85.78,89.50758266448975
