mia_score,retain_acc,forget_acc,unlearning_time
49.72,97.19333333333333,75.02,137.53148579597473
