mia_score,retain_acc,forget_acc,unlearning_time
78.82999999999998,95.86,0.16,5.545565128326416
