mia_score,retain_acc,forget_acc,unlearning_time
62.58999999999999,96.41555555555556,77.04,16.16803503036499
