mia_score,retain_acc,forget_acc,unlearning_time
62.609999999999985,96.60888888888888,76.98,15.736025094985962
