mia_score,retain_acc,forget_acc,unlearning_time
80.14000000000003,95.3488888888889,0.18,5.436744928359985
