mia_score,retain_acc,forget_acc,unlearning_time
58.14,88.17111111111112,61.06,1.5306715965270996
