mia_score,retain_acc,forget_acc,unlearning_time
56.600000000000016,89.58444444444444,57.52,2.1116063594818115
