mia_score,retain_acc,forget_acc,unlearning_time
59.15999999999999,83.16888888888889,66.36,1.004601001739502
