mia_score,retain_acc,forget_acc,unlearning_time
54.86000000000002,89.44666666666667,54.04,2.132800340652466
