mia_score,retain_acc,forget_acc,unlearning_time
67.62499999999999,87.6,87.436,2.2400448322296143
