mia_score,retain_acc,forget_acc,unlearning_time
66.26999999999998,83.872,83.924,1.0130460262298584
