mia_score,retain_acc,forget_acc,unlearning_time
56.060000000000024,86.54444444444445,60.28,13.351954460144043
