mia_score,retain_acc,forget_acc,unlearning_time
57.03999999999999,88.33555555555556,59.22,1.5231800079345703
