mia_score,retain_acc,forget_acc,unlearning_time
52.29999999999999,74.15555555555555,52.0,5.990250825881958
