mia_score,retain_acc,forget_acc,unlearning_time
92.99000000000002,76.33333333333333,0.0,5.587191343307495
