mia_score,retain_acc,forget_acc,unlearning_time
49.53,92.13777777777777,50.96,15.989516973495483
