mia_score,retain_acc,forget_acc,unlearning_time
54.15,98.80222222222223,88.12,138.38380360603333
