mia_score,retain_acc,forget_acc,test_acc,unlearning_time
57.330000000000005,96.61333333333333,69.54,57.19,58.051151275634766
