mia_score,retain_acc,forget_acc,test_acc
77.85000000000001,99.91333333333333,99.9,56.77
