mia_score,retain_acc,forget_acc,unlearning_time
50.13999999999999,98.34222222222222,77.54,138.29312324523926
