mia_score,retain_acc,forget_acc,unlearning_time
51.74999999999999,98.8488888888889,84.04,147.79948806762695
