mia_score,retain_acc,forget_acc,unlearning_time
90.15555555555554,91.80987654320988,17.533333333333335,139.0069580078125
