mia_score,retain_acc,forget_acc,unlearning_time
50.711111111111116,99.74814814814815,93.75555555555556,216.07877469062805
