mia_score,retain_acc,forget_acc,unlearning_time
51.377777777777766,99.99753086419753,95.37777777777778,279.1807770729065
