mia_score,retain_acc,forget_acc,unlearning_time
51.74444444444446,97.72345679012345,95.0,148.6989939212799
