mia_score,retain_acc,forget_acc,unlearning_time
51.33333333333334,69.6641975308642,65.13333333333334,219.35474252700806
