mia_score,retain_acc,forget_acc,unlearning_time
49.833333333333336,99.4641975308642,92.2,215.69794750213623
