mia_score,retain_acc,forget_acc,unlearning_time
49.97777777777778,99.90123456790124,93.73333333333333,218.90206098556519
