Training Time,Train Accuracy,Test Accuracy
26.18938398361206,94.67555555555556,91.54502151198525
