mia_score,retain_acc,forget_acc,unlearning_time
55.89999999999999,97.44646464646465,86.8,152.02620363235474
