mia_score,retain_acc,forget_acc,unlearning_time
76.08,70.35555555555555,15.02,154.34297823905945
