mia_score,retain_acc,forget_acc,unlearning_time
50.96000000000001,99.2088888888889,84.96,240.6307032108307
