mia_score,retain_acc,forget_acc,unlearning_time
51.78999999999998,100.0,86.98,310.37924695014954
