mia_score,retain_acc,forget_acc,unlearning_time
53.2,94.84444444444445,86.02,169.90589570999146
