mia_score,retain_acc,forget_acc,unlearning_time
50.459999999999994,89.03555555555556,76.88,241.917245388031
