mia_score,retain_acc,forget_acc,unlearning_time
50.21,98.8711111111111,82.5,241.31627678871155
