mia_score,retain_acc,forget_acc,unlearning_time
49.81000000000002,98.99111111111111,84.9,243.3406262397766
