mia_score,retain_acc,forget_acc,unlearning_time
56.105000000000004,98.608,88.732,87.37713551521301
