mia_score,retain_acc,forget_acc,unlearning_time
65.30000000000001,95.4888888888889,86.6,6.117670774459839
