mia_score,retain_acc,forget_acc,unlearning_time
67.39999999999999,96.0060606060606,84.4,6.065835952758789
