mia_score,retain_acc,forget_acc,unlearning_time
66.37000000000002,96.63333333333334,85.52,5.5268714427948
