mia_score,retain_acc,forget_acc,unlearning_time
79.09000000000002,95.07111111111111,0.1,5.59951114654541
