mia_score,retain_acc,forget_acc,unlearning_time
80.27,96.7088888888889,0.16,5.554866790771484
