mia_score,retain_acc,forget_acc,unlearning_time
71.2,91.1070707070707,89.2,2.5663530826568604
