mia_score,retain_acc,forget_acc,unlearning_time
55.790000000000006,83.07555555555555,55.36,0.9391839504241943
