mia_score,retain_acc,forget_acc,unlearning_time
54.35000000000001,89.80666666666667,51.5,2.06523060798645
