mia_score,retain_acc,forget_acc,unlearning_time
53.96000000000001,87.64444444444445,53.32,1.5443599224090576
