mia_score,retain_acc,forget_acc,unlearning_time
55.690000000000005,89.88444444444444,60.52,14.179386854171753
