mia_score,retain_acc,forget_acc,unlearning_time
56.99000000000001,79.01333333333334,57.84,0.968724250793457
