mia_score,retain_acc,forget_acc,unlearning_time
93.19,77.06444444444445,0.0,5.7260260581970215
