mia_score,retain_acc,forget_acc,unlearning_time
50.38,93.88666666666667,51.34,16.010831594467163
