mia_score,retain_acc,forget_acc,unlearning_time
92.91000000000004,77.18,0.0,5.6999351978302
