mia_score,retain_acc,forget_acc,unlearning_time
49.76999999999999,77.876,49.032,3.1607043743133545
