mia_score,retain_acc,forget_acc,unlearning_time
51.20000000000001,75.30909090909091,52.2,6.047752380371094
