mia_score,retain_acc,forget_acc,unlearning_time
91.45999999999998,75.45777777777778,0.0,5.561958074569702
