mia_score,retain_acc,forget_acc,unlearning_time
55.94000000000001,99.54666666666667,91.14,146.41199159622192
