Running Time,Test Accuracy,IPC
397.5035593509674,24.028,1
401.9453477859497,29.016,10
412.0608856678009,35.26,50
