Running Time,Test Accuracy,IPC
355.84049344062805,15.168,1
355.4286720752716,22.978,10
364.15467166900635,29.398,50
