Running Time,Test Accuracy,IPC
75.25971531867981,19.952,1
1324.598929643631,34.274,10
5315.4174451828,35.09,50
