mia_score,retain_acc,forget_acc,unlearning_time
80.26000000000002,95.80666666666667,0.06,5.686473846435547
