mia_score,retain_acc,forget_acc,unlearning_time
82.64999999999999,95.43777777777778,0.0,5.687870740890503
