mia_score,retain_acc,forget_acc,unlearning_time
67.6,95.27676767676768,80.8,11.965682983398438
