mia_score,retain_acc,forget_acc,unlearning_time
82.91999999999999,96.0,0.0,5.572604417800903
