mia_score,retain_acc,forget_acc,unlearning_time
83.55,95.67777777777778,0.0,5.573047637939453
