mia_score,retain_acc,forget_acc,unlearning_time
65.7,88.63030303030303,88.4,2.307584047317505
