mia_score,retain_acc,forget_acc,unlearning_time
67.96500000000002,87.732,87.896,1.570641040802002
