mia_score,retain_acc,forget_acc,unlearning_time
65.93,83.26666666666667,82.2,1.0080926418304443
