mia_score,retain_acc,forget_acc,unlearning_time
61.999999999999986,88.58181818181818,76.2,8.929826974868774
