mia_score,retain_acc,forget_acc,unlearning_time
92.73,77.43111111111111,0.0,5.536520004272461
