mia_score,retain_acc,forget_acc,unlearning_time
50.160000000000004,79.236,50.024,3.0789549350738525
