mia_score,retain_acc,forget_acc,unlearning_time
91.94999999999999,75.04888888888888,0.0,5.551521301269531
