mia_score,retain_acc,forget_acc,unlearning_time
91.97999999999999,76.72222222222223,0.0,5.585654258728027
