mia_score,retain_acc,forget_acc,unlearning_time
50.019999999999975,78.312,49.088,3.1924984455108643
