mia_score,retain_acc,forget_acc,unlearning_time
48.85,75.13111111111111,51.7,5.542689561843872
