mia_score,retain_acc,forget_acc,unlearning_time
92.17999999999999,77.04888888888888,0.0,5.456860542297363
