mia_score,retain_acc,forget_acc,unlearning_time
52.89999999999999,86.9070707070707,53.8,11.966429471969604
