mia_score,retain_acc,forget_acc,unlearning_time
92.85000000000002,77.19333333333333,0.0,5.411170721054077
