mia_score,retain_acc,forget_acc,unlearning_time
55.47777777777778,91.720987654321,85.93333333333334,35.975244760513306
