mia_score,retain_acc,forget_acc,unlearning_time
54.56000000000001,97.24666666666667,87.1,138.04669404029846
