mia_score,retain_acc,forget_acc,unlearning_time
51.470000000000006,85.14222222222222,76.28,108.24614977836609
