mia_score,retain_acc,forget_acc,unlearning_time
49.48,98.31555555555556,79.64,138.00637793540955
