mia_score,retain_acc,forget_acc,unlearning_time
63.05999999999998,97.072,77.804,8.614391326904297
