mia_score,retain_acc,forget_acc,unlearning_time
65.7,94.05656565656565,84.6,5.566689968109131
