mia_score,retain_acc,forget_acc,unlearning_time
63.749999999999986,98.08,78.476,8.838696241378784
