mia_score,retain_acc,forget_acc,unlearning_time
81.94000000000001,95.67333333333333,0.14,5.493428707122803
