mia_score,retain_acc,forget_acc,unlearning_time
56.095000000000006,93.636,60.08,10.04703974723816
