mia_score,retain_acc,forget_acc,unlearning_time
52.769999999999996,76.80222222222223,49.74,1.4518342018127441
