mia_score,retain_acc,forget_acc,unlearning_time
63.5,82.54545454545455,82.8,1.0230467319488525
