mia_score,retain_acc,forget_acc,unlearning_time
66.7,88.04444444444445,89.8,2.525242328643799
