mia_score,retain_acc,forget_acc,unlearning_time
70.4,83.24646464646464,86.2,2.6645965576171875
