mia_score,retain_acc,forget_acc,unlearning_time
63.86000000000001,79.09555555555555,78.84,1.0168044567108154
