mia_score,retain_acc,forget_acc,unlearning_time
56.72999999999999,88.83555555555556,62.0,14.02089548110962
