mia_score,retain_acc,forget_acc,unlearning_time
91.94000000000001,77.46,0.0,5.471407413482666
