mia_score,retain_acc,forget_acc,unlearning_time
50.16999999999998,96.724,49.02,8.564303874969482
