mia_score,retain_acc,forget_acc,unlearning_time
91.60000000000001,77.07555555555555,0.0,5.383214473724365
