mia_score,retain_acc,forget_acc,unlearning_time
93.03000000000002,77.54,0.0,5.420757532119751
