mia_score,retain_acc,forget_acc,unlearning_time
50.43000000000001,74.96222222222222,53.8,5.4858715534210205
