mia_score,retain_acc,forget_acc,unlearning_time
50.46000000000001,96.956,48.8,8.779408693313599
