mia_score,retain_acc,forget_acc,unlearning_time
93.22000000000003,76.82,0.0,5.777493000030518
