mia_score,retain_acc,forget_acc,unlearning_time
92.97999999999999,75.31555555555556,0.0,5.516956567764282
