mia_score,retain_acc,forget_acc,unlearning_time
92.53,77.22222222222223,0.0,5.512689828872681
