mia_score,retain_acc,forget_acc,unlearning_time
48.85555555555555,83.59012345679012,69.68888888888888,7.474118947982788
