mia_score,retain_acc,forget_acc,unlearning_time
55.57777777777777,96.65432098765432,87.68888888888888,15.124910593032837
