mia_score,retain_acc,forget_acc,unlearning_time
51.122222222222234,95.03950617283951,83.15555555555555,18.625431060791016
