mia_score,retain_acc,forget_acc,unlearning_time
52.87777777777778,93.3283950617284,84.5111111111111,14.083979845046997
