mia_score,retain_acc,forget_acc,unlearning_time
51.61111111111112,92.07654320987655,85.11111111111111,16.349438428878784
