mia_score,retain_acc,forget_acc,unlearning_time
51.67777777777778,93.52592592592593,81.2,14.826200246810913
