mia_score,retain_acc,forget_acc,unlearning_time
50.87777777777779,93.45925925925926,83.88888888888889,16.59814476966858
