Training Time,Train Accuracy,Test Accuracy
18.308855772018433,93.43777777777778,78.76459741856176
