mia_score,retain_acc,forget_acc,unlearning_time
92.97999999999999,94.95777777777778,0.0,18.757494926452637
