mia_score,retain_acc,forget_acc,unlearning_time
88.16000000000001,98.91333333333333,1.24,9.92308521270752
