mia_score,retain_acc,forget_acc,unlearning_time
84.32000000000001,94.06666666666666,0.02,22.069531440734863
