mia_score,retain_acc,forget_acc,unlearning_time
79.46000000000002,99.3488888888889,3.24,18.8902587890625
