mia_score,retain_acc,forget_acc,unlearning_time
47.31000000000001,91.51555555555555,64.78,4.773934841156006
