mia_score,retain_acc,forget_acc,unlearning_time
83.96000000000002,99.39777777777778,0.98,18.320306539535522
