mia_score,retain_acc,forget_acc,unlearning_time
94.0,92.7688888888889,0.0,17.38658833503723
