mia_score,retain_acc,forget_acc,unlearning_time
92.33,71.71777777777778,0.0,9.904103994369507
