mia_score,retain_acc,forget_acc,unlearning_time
79.74,79.81555555555556,0.06,7.5882956981658936
