mia_score,retain_acc,forget_acc,unlearning_time
49.18999999999999,88.42,36.76,4.075188159942627
