mia_score,retain_acc,forget_acc,unlearning_time
55.51999999999998,87.2911111111111,25.08,2.7787673473358154
