mia_score,retain_acc,forget_acc,unlearning_time
84.21999999999997,96.86888888888889,0.02,10.194296836853027
