mia_score,retain_acc,forget_acc,unlearning_time
91.33999999999999,86.62222222222222,0.0,17.296611547470093
