mia_score,retain_acc,forget_acc,unlearning_time
93.09999999999998,97.61555555555556,0.0,80.4315357208252
