mia_score,retain_acc,forget_acc,unlearning_time
89.96000000000001,80.89333333333333,0.12,51.63595533370972
