mia_score,retain_acc,forget_acc,unlearning_time
52.52,92.2311111111111,82.66,8.792286157608032
