mia_score,retain_acc,forget_acc,unlearning_time
84.39,99.99555555555555,9.12,103.71919178962708
