mia_score,retain_acc,forget_acc,unlearning_time
94.67000000000002,79.68666666666667,0.0,83.10602879524231
