mia_score,retain_acc,forget_acc,unlearning_time
94.39999999999998,95.34,0.0,80.46282815933228
