mia_score,retain_acc,forget_acc,unlearning_time
92.55999999999999,96.04444444444445,0.0,81.2586464881897
