mia_score,retain_acc,forget_acc,unlearning_time
88.28999999999999,97.48666666666666,24.62,29.2460298538208
