mia_score,retain_acc,forget_acc,unlearning_time
92.19000000000003,90.35111111111111,0.0,58.452815532684326
