mia_score,retain_acc,forget_acc,unlearning_time
57.049999999999976,94.74666666666667,91.96,5.297855377197266
