mia_score,retain_acc,forget_acc,unlearning_time
90.22,97.23333333333333,0.0,48.69064736366272
