mia_score,retain_acc,forget_acc,unlearning_time
88.21999999999998,99.68,0.0,50.81537222862244
