mia_score,retain_acc,forget_acc,unlearning_time
93.57000000000001,90.64666666666666,0.0,46.06551909446716
