mia_score,retain_acc,forget_acc,unlearning_time
92.25999999999998,65.88,0.0,46.119548082351685
