mia_score,retain_acc,forget_acc,unlearning_time
55.38000000000001,99.496,88.904,87.92673707008362
